1;3556;Anna,Leandra;(598) 451-5865;7943 S. Fifth Street
2;3501;Granados,Severo;(869) 771-1487;77 Lyme Street
3;2986;Andreu,Lucho;(246) 245-7306;9448 Fairfield St.
4;3445;Mauricio,Matías;(707) 933-2513;8143 College St.
5;4595;Guijarro,Mauricio;(612) 325-0216;9893 W. Vale Ave.
6;1315;Leyre,Isaura;(992) 564-5230;8094 Albany Drive
7;2099;Morera-Lago,Soraya;(651) 544-1246;9001 Creek Street
8;4430;Tapia-Cabanillas,Victoriano;(851) 782-6044;57 Green Drive
9;2640;Saez,Nidia;(265) 609-6654;86 Surrey St.
10;1108;Villanueva,Teófila;(305) 491-4988;8728 Boston Street
11;1759;de,Trini;(561) 649-7485;45 Heritage Ave.
12;4352;Baena,Dani;(966) 735-9451;9334 Hillside Street
13;4224;de,Angelina;(711) 282-2848;611 Academy Street
14;4125;de,Samuel;(337) 397-0627;7201 Mill Street
15;4147;Montenegro,Jacinta;(969) 383-4277;59 Ridgewood Ave.
16;1371;Delgado,Lisandro;(748) 495-1748;270 West Green Lake St.
17;2900;Manjón,Samanta;(494) 813-5651;9481 S. Chestnut St.
18;4346;Teodosio,Albano;(779) 217-3175;7 N. Annadale Street
19;3959;Villanueva,Abel;(904) 204-2255;88 Pheasant Rd.
20;4271;Pulido,Bienvenida;(932) 307-3409;8 Galvin Street
21;3639;Manzano,Patricio;(993) 960-7653;9 Marconi Road
22;1718;de,Modesto;(611) 927-0572;8842 Old Van Dyke Ave.
23;1348;del,Berto;(283) 384-7846;471 S. Cambridge Drive
24;4005;Daniela,Nuria;(677) 875-1069;9 Military Dr.
25;4626;Pedrero,Anastasia;(886) 929-9282;8388 Pheasant Street
26;4079;Salomé,Purificación;(596) 660-5408;221 Dogwood Dr.
27;3214;Cobos,Melania;(768) 242-5793;911 Charles St.
28;1123;Font,Evangelina;(483) 388-3044;176 Henry Smith Ave.
29;4182;Mercader,Otilia;(525) 814-4351;323 1st St.
30;4799;Reyes-Bosch,Nadia;(872) 458-4785;8127 Pawnee Lane
31;3716;Córdoba,Mireia;(600) 318-8808;7813 Helen Ave.
32;4881;Rueda,Melisa;(437) 406-2974;353 Canterbury Dr.
33;2148;Sanabria-Frías,Trini;(615) 712-3381;61 Addison Dr.
34;3725;Manola,Lucía;(651) 742-1141;810 West Mill St.
35;4768;Pereira,Natalio;(517) 690-8580;51 Mayfair Court
36;1894;Alcalde,Nerea;(616) 766-2111;840 Oak Meadow Ave.
37;2808;Goicoechea,Gracia;(685) 726-6159;257 Pheasant Drive
38;1459;Hidalgo,Toño;(737) 772-3449;30 N. Park Avenue
39;4786;Sedano,Cándida;(876) 612-6879;850 School St.
40;1815;Barreda,Eutimio;(669) 791-3350;59 Atlantic Ave.
41;1052;Yuste,Rosario;(642) 368-4225;74 Broadway
42;4486;Español,Encarnacion;(953) 901-9132;MK9 3EN
43;1478;Vilaplana,Magdalena;(869) 720-8135;CREWE
44;2666;Novoa,Adelardo;(319) 633-9396;674 High Street
45;2908;Rovira,Adoración;(731) 945-6687;CT76 6OB
46;4584;Lamas,Ovidio;(435) 742-6743;DUNDEE
47;4491;Julián,Reyes;(684) 330-1830;35 The Crescent
48;3435;Jurado,Adoración;(843) 248-6284;SE42 3UM
49;2558;Zabala,Plácido;(390) 565-9213;DONCASTER
50;1859;Alex,Abel;(951) 953-8812;94 The Avenue
51;4456;Sanmiguel,Miguela;(516) 909-2316;BN0 6LJ
52;2807;Villaverde,Narcisa;(833) 629-5357;STOCKPORT
53;4062;Aller,Leonardo;(260) 680-9015;96 The Green
54;2983;Bartolomé,Javiera;(724) 882-6713;WD65 4RB
55;3767;Carmen,María;(663) 750-6940;WAKEFIELD
56;4890;Fonseca,Adán;(325) 631-2099;30 Main Road
57;3761;de,Adalberto;(594) 787-2465;NW96 2RV
58;4774;Jaume,Rosalinda;(720) 491-3517;SHREWSBURY
59;1747;Enríquez,Abigaíl;(735) 587-8913;26 North Road
60;4559;Morcillo,África;(295) 530-5752;EC18 9MF
61;1118;Cárdenas-Esparza,Gilberto;(306) 906-7975;LLANDRINDOD WELLS
62;4432;Posada,Marisela;(452) 597-0784;70 Green Lane
63;2672;Claudia,Begoña;(363) 441-6561;KA97 3AD
64;2007;Arregui,Marcos;(550) 890-6346;ROCHESTER
65;1649;Sastre,Venceslás;(906) 421-7305;5 Kingsway
66;3578;Amaya,Febe;(977) 707-4772;WA48 9PQ
67;2108;Granados,Quirino;(871) 218-8630;BIRMINGHAM
68;3820;de,Imelda;(522) 326-9656;3 Church Street
69;1861;de,Isidora;(924) 599-2856;CA46 0YA
70;4416;Martin,Balduino;(998) 710-2563;REDHILL
71;2313;Ramírez,Casandra;(319) 810-1693;2 Manchester Road
72;4109;Vigil,Eustaquio;(794) 504-1808;SA65 3HD
73;2729;del,Elvira;(493) 999-4390;DUDLEY
74;1353;Huertas,Pía;(804) 655-0207;9112 St. John’s Road
75;1708;Salas,Alberto;(554) 800-9842;WS53 7IY
76;4385;Rosales,Sol;(548) 446-1387;SOUTH WEST LONDON
77;4408;Folch,Guiomar;(517) 369-6486;76 South Street
78;4320;Pardo-Nuñez,Nidia;(893) 798-8990;NR38 3VK
79;2323;Sabina,Emperatriz;(504) 719-6268;SHEFFIELD
80;1170;Jurado-Mata,Ximena;(295) 508-7243;92 Park Avenue
81;4003;Aranda,Eugenio;(940) 762-9096;WV82 8AJ
82;3496;del,Felicia;(370) 597-5412;COVENTRY
83;1431;Uribe,Abel;(996) 458-0103;58 Highfield Road
84;4065;Felipe,Andrés;(223) 934-8344;BB91 5XM
85;4186;de,Jordi;(611) 728-9360;OUTER HEBRIDES
86;4877;Escrivá,Ricarda;(446) 436-2416;82 Windsor Road
87;2773;Morales,Socorro;(205) 877-2303;PH82 4OY
88;2568;Ágata,Asunción;(442) 997-2681;WESTERN CENTRAL LONDON
89;1654;Frías,Jesús;(200) 695-5178;10 Kings Road
90;4907;Niño,Teodosio;(892) 339-6497;WR45 4AU
91;2999;Vizcaíno,Susana;(719) 593-5606;MANCHESTER
92;2440;Cuéllar,Abilio;(719) 881-4363;472 Mill Lane
93;1695;Alberto,Adora;(346) 442-6581;RG6 1SR
94;1174;Jaén,Primitivo;(690) 340-6090;TORQUAY
95;1997;Donoso,Delfina;(722) 742-7576;80 Chester Road
96;3497;Fuster,Julio;(449) 524-6231;HA62 8DU
97;3669;Carballo-Bayona,Cintia;(703) 723-3874;PAISLEY
98;3392;Pascual,Fortunata;(435) 239-5138;304 Springfield Road
99;2013;Figuerola,Lilia;(580) 240-1515;BD84 2HP
100;4025;Morell-Oliver,Pili;(650) 385-0635;CHESTER
101;3086;Peñas,Estrella;(243) 906-5992;28 London Road
102;4970;Ángeles,María;(209) 297-3958;HU74 4ER
103;4985;Violeta,Violeta;(966) 338-9815;GUILDFORD
104;2967;Marquez,Ruben;(638) 925-5729;597 New Street
105;1449;Criado,Manola;(681) 914-0083;DH29 2KQ
106;1272;Asensio,Rita;(354) 628-2294;DUMFRIES
107;1936;Cabello,Daniela;(888) 289-8104;41 Victoria Street
108;3638;Aurelia,Nicolasa;(393) 626-4948;LE96 5AZ
109;1394;Trillo,Jonatan;(887) 262-0302;CHELMSFORD
110;4145;Francisco,Jose;(462) 566-8729;48 Manor Road
111;2736;Casandra,Samanta;(661) 929-3370;L52 8LM
112;2862;María,Emilia;(859) 862-4703;SUNDERLAND
113;4793;Guillén,Esteban;(415) 981-0636;33 York Road
114;1911;Rocha,Josué;(563) 420-8118;HD3 3KR
115;2521;Alemán-Prats,Encarnación;(462) 763-2017;YORK
116;1332;Verdú,Celia;(701) 212-8508;24 Rock Maple Lane
117;2767;del,Espiridión;(714) 278-0966;376 South Griffin Street
118;1807;Lobato-Mena,Melania;(523) 677-7026;7172 Halifax St.
119;1673;Roig,Sosimo;(615) 522-3616;9530 Homewood St.
120;4676;Carrasco-Belda,Abel;(497) 402-3196;3 Sunset Street
121;4060;Celestina,Alicia;(624) 360-5381;611 Linda Rd.
122;2737;Torre,Conrado;(417) 559-0451;7088 South Woodland St.
123;1295;Pombo,Leoncio;(650) 230-0049;78 Hamilton St.
124;4062;Tomas,Marcia;(863) 238-8964;7576 S. Prince Ave.
125;4394;del,Aurelia;(340) 944-7011;8678 Glen Eagles Rd.
126;1358;Cases,Porfirio;(388) 447-0349;7487 College Rd.
127;1841;Mármol,Maristela;(562) 364-8454;8 Westminster Ave.
128;1825;Azorin,Leticia;(332) 349-8146;92 Brickell Drive
129;4531;de,Régulo;(286) 718-4373;503 Delaware Street
130;2424;del,Esteban;(397) 693-0198;34 Anderson Ave.
131;3531;Exposito,Trinidad;(874) 698-3563;8388 Water St.
132;3333;Ortiz,Pánfilo;(633) 872-7554;373 Brickyard Avenue
133;4819;Llorens,Glauco;(799) 691-3758;834 Yukon Lane
134;3504;Zaragoza,Susanita;(625) 240-8609;8324 South St.
135;2953;Asunción,Ileana;(677) 815-4415;8 White Ave.
136;1191;Merino,Chus;(368) 227-4620;907 Inverness Dr.
137;1752;Cervera,Carmina;(930) 420-2085;12 Cypress Avenue
138;3108;Coello,Curro;(883) 797-3367;7313 Bohemia Street
139;1965;Roldán,Mario;(616) 916-4936;8518 Hilldale Lane
140;2504;Fuentes,Jesusa;(406) 344-3322;190 Sierra St.
141;1522;Dominguez,Óscar;(323) 771-5959;95 Studebaker Street
142;1574;Contreras,Angelino;(898) 732-6602;1 Highland Ave.
143;2565;Camino,Rafa;(551) 404-1539;5 West Henry Smith Street
144;4105;Vidal-Roma,Aura;(488) 349-4237;940 E. Primrose Ave.
145;2850;Jordana,Lara;(296) 444-2189;8304 Van Dyke Avenue
146;1670;Castelló,Aníbal;(988) 961-4637;86 Bradford Rd.
147;1569;Higueras,Adriana;(486) 549-5020;3 Jefferson Dr.
148;3992;Cuadrado,Ernesto;(868) 892-8961;79 Rocky River Ave.
149;1753;Ponce-Losada,Estela;(473) 875-0023;38 Johnson St.
150;4533;Miguel,Luis;(700) 958-6128;7652 West Wakehurst Drive
151;2893;Agullo,Elpidio;(696) 679-7702;7075 Lake Forest Rd.
152;3277;Carmen,María;(250) 248-4300;619 Pleasant St.
153;3109;Vendrell,Lucas;(834) 508-9490;8026 New Saddle St.
154;3025;Tomé,Gerardo;(503) 283-5457;275 Rock Maple Avenue
155;4451;Sacristán,Elías;(461) 976-3596;404 Railroad St.
156;4881;Valencia,Victoriano;(398) 272-4739;441 Court Dr.
157;1963;Ribes-Cases,Vera;(279) 586-2100;9 South Theatre Ave.
158;2743;Moya,Ligia;(988) 433-7129;674 Van Dyke Drive
159;3628;Barragán,Evangelina;(357) 352-8928;234 W. Riverside St.
160;2230;Domitila,Florencia;(240) 852-8613;916 E. Cactus Ave.
161;4247;Arellano-Murcia,Javier;(403) 855-3645;218 Lake St.
162;2056;Sans,Aurelia;(593) 356-1838;861 Oakland St.
163;4697;Jerez,Teodora;(433) 213-5953;8356 Bank Ave.
164;3040;Noguera,Cornelio;(669) 290-1610;9754 Brookside Street
165;3488;Serna,Carla;(472) 605-7532;8718 Chapel Drive
166;2839;Valeria,Macarena;(287) 839-5879;9029 Bellevue Drive
167;2252;Paz,Jacinta;(622) 903-6022;277 Halifax Dr.
168;1568;Manuel,Victor;(797) 421-8320;7889 Chapel Street
169;3873;Molina,Blanca;(478) 658-1534;487 East 6th St.
170;1001;Fonseca,Jonatan;(671) 615-3675;51 Coffee St.
171;3119;Vila,Humberto;(713) 795-1422;9586 Sycamore Dr.
172;2581;Fuentes,Isaura;(201) 705-6808;801 SW. Prairie St.
173;3268;Vargas,Rufina;(322) 327-1204;830 High Point Court
174;3014;Barral,Reinaldo;(644) 469-5761;791 Silver Spear Street
175;2099;Ignacio,Jose;(674) 440-0703;8882 Old Smith Ave.
176;1924;Cánovas,Roberto;(640) 568-2625;970 Myers Street
177;4494;Ortega-Giner,Rómulo;(409) 889-4836;948 Railroad Avenue
178;1402;Leon,Gastón;(359) 210-8594;San Diego, CA 92114
179;3548;Jove-Ropero,Emilia;(474) 494-9364;Pico Rivera, CA 90660
180;4348;Pinedo,Calixto;(681) 820-0747;Los Angeles, CA 90001
181;3017;Ledesma,Ciro;(921) 657-7404;Modesto, CA 95350
182;4867;del,Dora;(451) 889-2527;Simi Valley, CA 93065
183;3049;Bautista,Juan;(487) 654-5535;Los Angeles, CA 90004
184;3728;del,Narciso;(243) 692-9341;Folsom, CA 95630
185;3659;Reina,Martirio;(726) 607-0923;Tulare, CA 93274
186;2429;Maestre,Maximiliano;(861) 258-0892;San Francisco, CA 94109
187;3130;Dominguez-Llorente,Noa;(514) 904-4726;Tracy, CA 95376
188;2319;Mur,Miguel;(829) 721-4200;Los Angeles, CA 90066
189;1409;Gimenez-Lasa,Gala;(983) 385-7043;Riverside, CA 92509
190;3870;Palacios,Saturnino;(223) 360-1632;Los Angeles, CA 90026
191;1360;Castellanos,Ariel;(412) 836-0738;Fairfield, CA 94533
192;1763;Salas,Trinidad;(238) 664-3657;Sylmar, CA 91342
193;2625;del,Adalberto;(759) 680-2696;Daly City, CA 94015
194;4204;Palacios,Eustaquio;(395) 780-5461;Van Nuys, CA 91405
195;4832;Castro,Susana;(372) 818-3567;Victorville, CA 92392
196;3118;Melisa,Emelina;(935) 960-4873;San Pedro, CA 90731
197;1014;Baeza,Sandalio;(971) 288-1186;San Diego, CA 92115
198;1517;Guerrero,Gregorio;(994) 447-4889;Rancho Cucamonga, CA 91730
199;3301;de,Socorro;(232) 476-5035;Union City, CA 94587
200;1075;Viana,Otilia;(288) 574-6749;Montebello, CA 90640
201;4601;Guzman,Luís;(969) 763-9226;San Francisco, CA 94122
202;4922;Rosa,Julie;(732) 708-8561;Costa Mesa, CA 92627
203;4775;Paulino,Samu;(314) 254-1244;Long Beach, CA 90813
204;1824;Egea,Vicente;(460) 682-5923;Anaheim, CA 92801
205;4595;Carlos,Juan;(200) 565-5639;Alameda, CA 94501
206;4400;Blanes,Carla;(357) 769-3070;Oakland, CA 94601
207;1462;Herranz,Toribio;(587) 626-3175;Long Beach, CA 90805
208;2012;Rosell,América;(465) 293-1802;Merced, CA 95340
209;2198;Calderon,Inés;(709) 815-7677;Huntington Park, CA 90255
210;3062;Leiva,Trinidad;(605) 810-1781;San Jose, CA 95111
211;2631;Saldaña,Luisa;(256) 681-2246;Santa Ana, CA 92704
212;2001;Diez,Yago;(304) 471-5232;Spring Valley, CA 91977
213;4156;Rius,Alberto;(411) 283-4519;Salinas, CA 93905
214;1155;Jimenez,Beatriz;(442) 496-8157;La Habra, CA 90631
215;4902;Gaya,Adolfo;(205) 909-7964;Fontana, CA 92336
216;2640;de,Teófilo;(730) 534-7609;Georgetown, ON L7G 9Y7
217;1949;Cabezas,Bruno;(770) 286-4391;Donnacona, QC G3M 1C3
218;4696;Juanito,Pepe;(732) 906-0070;Manotick, ON K4M 6S8
219;4631;Solé,Isabela;(943) 428-2313;Essex, ON N0R 2G6
220;4042;Izquierdo,Amaya;(785) 951-2152;Lockport, MB R1B 5H9
221;4818;del,Gervasio;(406) 847-9870;Bonnyville, AB T9N 2P9
222;3576;Pujol-Yáñez,Isaac;(965) 911-5076;Petit-Rocher, NB E8J 4K5
223;3541;Valentín,Valerio;(599) 327-2008;Farnham, QC J2N 4J1
224;4484;Benito,Cleto;(656) 470-6146;Winnipeg, MB R2C 4A3
225;1141;Cabeza,Erasmo;(327) 329-5055;Saint-Raymond, QC G3L 7P7
226;1135;Rosario,Quirino;(208) 903-9126;St. George, NB E5C 6A9
227;3379;Alcántara,Marcos;(440) 419-1193;Port Moody, BC V3H 3N3
228;3162;Abascal,Paloma;(357) 843-1297;Delhi, ON N4B 2V1
229;4593;Sofía,Ana;(726) 820-4884;Oromocto, NB E2V 6A5
230;4617;Cases,Estela;(741) 507-6188;Belledune, NB E8G 4R8
231;4214;Díez-Zorrilla,Borja;(847) 529-3256;Bouctouche, NB E4S 8M3
232;4395;María,Eva;(622) 751-8803;Caledon, ON L7C 9T6
233;2599;del,Elena;(681) 720-0173;Buena Vista, SK S2V 1L1
234;1783;de,Iván;(947) 794-9523;Digby Neck, NS B0V 8H6
235;2269;Roma,Adelina;(697) 343-2772;Outaouais-Sud, QC J0X 9K0
236;1873;Estévez,Joel;(864) 686-9890;Wetaskiwin, AB T9A 7X8
237;3786;Anabel,Úrsula;(259) 588-3616;Steinbach, MB R5G 1B0
238;4862;Gilabert,Manuelita;(711) 535-5569;La Sarre, QC J9Z 2V9
239;3964;Galván,Amparo;(390) 414-6347;Apohaqui, NB E5P 9G5
240;4706;del,Amparo;(622) 524-5931;Lloydminster, SK S9V 5V1
241;3345;del,Angélica;(832) 663-7857;Highlands, BC V9B 9L3
242;1531;Itziar,Amalia;(774) 962-9792;Saint-Hippolyte, QC J8A 8X2
243;1986;Morán,América;(456) 478-8124;Chestermere, AB T1X 8K6
244;1615;de,Elisa;(689) 369-1765;Leduc, AB T9E 6E1
245;3745;Lladó,Nieves;(462) 469-0733;Vancouver, BC V5K 7G2
246;3681;Antonio,Juan;(296) 380-9560;Esquimalt, BC V9A 7T3
247;2718;Barberá,Gustavo;(770) 446-1820;Coldbrook, NS B4R 8S2
248;3764;Pacheco,Eliana;(752) 764-6341;Windsor, ON N8P 8C9
249;4817;Pino,Dalila;(420) 583-7227;Kanata, ON K2K 4A8
250;3577;Díaz,Marciano;(844) 867-2783;McAdam, NB E6J 7T4
251;2425;Pinilla,Timoteo;(844) 548-7367;Hanover, ON N4N 0G1
252;4099;Roma,Malena;(653) 247-2528;Ottawa, ON K1G 0J7
253;4700;León,Silvia;(323) 918-8630;Mississauga, ON L4T 3V7
254;3857;del,Ema;(951) 814-0240;Wallaceburg, ON N8A 3M8
255;2561;González,Eva;(286) 747-9510;Windsor, LB A2B 0T8
256;2603;Sedano,Eutropio;(780) 915-5789;Cowansville, QC J2K 8Y0
257;2254;Cerdán,Dafne;(611) 316-6464;Duvernay-Est, QC H7A 4A9
258;4608;de,Óscar;(347) 423-7150;Pitt Meadows, BC V3Y 0T2
259;4486;Peralta,Catalina;(690) 391-9308;Amqui, QC G5J 8E3
260;1673;Elorza,Bárbara;(300) 748-5245;Enfield, NS B2T 5S6
261;1577;Burgos,Loreto;(399) 450-6042;St. Martins, NB E5R 1J6
262;3391;Marquez,Estela;(941) 250-4612;Stouffville, ON L4A 6L1
263;1481;Segarra,Paloma;(979) 636-7422;Kings County, NS B0P 9R3
264;2547;Maximino,Claudio;(838) 478-1283;Fort Saskatchewan, AB T8L 4M9
265;4616;Rey,Josefina;(709) 730-9311;Laurentides-Sud, QC J0V 3M7
266;4831;de,Nilda;(773) 468-1836;Black Lake, QC G6H 5M3
267;1643;Llabrés-Rebollo,Gregorio;(629) 776-7927;Charny, QC G6X 9G6
268;2330;de,Edmundo;(374) 637-9848;Okotoks, AB T1S 0P8
269;1216;Ruiz,Amaya;(614) 742-3346;Boiestown, NB E6A 0J5
270;4527;Perera,Nacio;(591) 540-1501;Port Alberni, BC V9Y 6C7
271;2075;Vicens,Damián;(674) 692-6307;Cochrane, AB T4C 6R2
272;4859;Teófila,Marcela;(613) 385-7225;Hampton, NB E5N 2B1
273;3581;Losada,Reina;(911) 247-1909;Grand Manan Island, NB E5G 6V4
274;1439;Arenas,Isa;(428) 712-4844;Petawawa, ON K8H 6P6
275;3888;Roura,Morena;(911) 550-2155;Cap-Rouge, QC G1Y 7T2
276;1714;Benítez,Odalys;(593) 925-4662;Prince Rupert, BC V8J 9N3
277;3658;del,Emma;(538) 584-5847;Acton, ON L7J 3T8
278;2592;Villanueva,Seve;(336) 788-8866;Lac-Megantic, QC G6B 4L9
279;2473;Armas,Montserrat;(878) 213-7548;Innisfail, AB T4G 7N5
280;3926;Feliu,Ildefonso;(544) 332-6097;Le Fjord, QC G0T 3E3
281;4955;Ocaña,Ligia;(992) 343-2800;Grande-Anse, NB E8N 7C1
282;2336;Neira,Sarita;(272) 202-0144;Kimberley, BC V1A 5S2
283;3520;Pacheco,Timoteo;(738) 345-5103;St. Albert, AB T8N 8R8
284;4600;Anabel,Ester;(713) 922-0553;Bass River, NB E4T 4R0
285;3631;Villanueva,Rosenda;(682) 502-1976;Parksville, BC V9P 5L2
286;2080;Gallego,Ariel;(260) 372-4164;La Plaine, QC J7M 5N3
287;2022;Alarcón,Juliana;(502) 779-9801;Leamington, ON N8H 0N3
288;1086;Méndez,Catalina;(687) 734-3575;Strathmore, AB T1P 9V5
289;1428;Pascual,Susanita;(503) 471-0311;Youngs Cove, NB E4C 4K5
290;3337;Rafael,Dimas;(640) 467-1066;Chatham, QC J8G 7X7
291;1227;Pou,Anabel;(350) 900-0774;Eskasoni, NS B1W 1S9
292;1147;Natividad,Nadia;(593) 907-1562;Parry Sound, ON P2A 5R6
293;4497;Téllez,Máximo;(848) 559-5729;Lanaudière-Nord, QC J0K 8T8
294;1888;Clarisa,Gala;(986) 369-4687;Saint-Colomban, QC J5K 6C2
295;2326;Aliaga,Amancio;(815) 645-0166;Huntsville, ON P1H 2C9
296;3772;Nogués,César;(456) 670-3912;Lachute, QC J8H 9V1
297;1214;Jove,Brígida;(997) 481-7573;St. Stephen, NB E3L 2A8
298;2472;del,Vito;(571) 271-7420;Îles-Laval, QC H7Y 1X2
299;4188;Fanny,Nayara;(674) 672-8423;Grand Falls, LB A2A 2C6
300;4081;Salas,Isidoro;(505) 554-8992;Ville Émard, QC H4E 1K4
301;4259;Palomino,Vicente;(826) 231-0876;Napanee, ON K7R 6V1
302;4701;de,Sandalio;(499) 874-0371;Woodstock, NB E7M 8P6
303;1888;Pinto,Elodia;(317) 232-9358;Dorchester, NB E4K 6V5
304;2773;Carro,Felipe;(852) 388-3751;Greely, ON K4P 4T2
305;4224;Belén,Ana;(366) 604-3609;Boucherville, QC J4B 9T3
306;4769;Sanmiguel,Marisela;(800) 687-3027;Lacombe, AB T4L 0S1
307;2778;Benavente,Jesusa;(924) 920-0218;Labrador City, LB A2V 8L0
308;2220;Díaz,Alonso;(733) 648-0855;Grimsby, ON L3M 5X9
309;1921;Pombo,Filomena;(496) 879-5338;Cobourg, ON K9A 5G0
310;2429;Cabello-Pol,Cristóbal;(363) 981-6810;Chelsea, QC J9B 5K1
311;3938;Murillo,Maribel;(643) 252-3203;Qualicum Beach, BC V9K 4J5
312;2787;Cuesta,Mayte;(491) 779-1547;Dunnville, ON N1A 2R5
313;4811;Villalonga,Remigio;(731) 808-7183;Vimont, QC H7M 0J1
314;2523;Villaverde,Vanesa;(879) 310-9113;Port Perry, ON L9L 6K8
315;3820;Corbacho,Maristela;(944) 942-5965;Saint Petersburg, FL 33710
316;2596;Cervera,Manuelita;(257) 383-2777;Miami, FL 33135
317;3014;Canet,Borja;(286) 539-1526;New Port Richey, FL 34653
318;4152;Chita,Clotilde;(408) 475-2351;Fort Lauderdale, FL 33312
319;3012;Girona,Olimpia;(654) 850-5430;Tampa, FL 33614
320;3372;de,Rubén;(704) 732-6961;Jacksonville, FL 32205
321;2776;Manu,Édgar;(400) 235-6788;Miami, FL 33161
322;1423;Morcillo,Luna;(363) 851-7332;Bradenton, FL 34205
323;1219;Salcedo,Eladio;(892) 211-3578;Fort Myers, FL 33912
324;3328;Cámara,Gisela;(231) 936-5897;Tampa, FL 33624
325;4296;de,Nicanor;(609) 914-4233;Opa Locka, FL 33055
326;4189;Paz,Rosario;(776) 448-2874;Winter Haven, FL 33880
327;3322;Esteve,Gloria;(487) 768-3548;Lake Worth, FL 33460
328;3379;Pedrosa,Alexandra;(601) 357-6775;Lake Wales, FL 33853
329;3456;Lucio,Lucho;(296) 236-1828;Fort Lauderdale, FL 33309
330;2215;Vanesa,Lola;(691) 320-1793;Fort Lauderdale, FL 33322
331;3496;Alvarado-Rocamora,Alejandra;(919) 955-4757;Fort Lauderdale, FL 33319
332;2603;Navas,Cristina;(895) 527-9965;Boca Raton, FL 33428
333;2101;Vizcaíno,Desiderio;(779) 490-1731;Hallandale, FL 33009
334;4583;Gallart,Nélida;(317) 905-9963;Pensacola, FL 32526
335;2468;Sandoval,Áurea;(636) 558-0180;Hollywood, FL 33029
336;2205;Azcona,Bibiana;(985) 919-4960;Miami, FL 33179
337;1547;Arnal,Marcos;(558) 212-5147;Miami, FL 33183
338;1181;Ani,Soledad;(792) 524-2198;Pompano Beach, FL 33063
339;1682;Duilio,Rodolfo;(267) 864-5928;Lakeland, FL 33801
340;3490;Ferreras,Carolina;(496) 239-3951;Hialeah, FL 33013
341;3230;Querol,Eladio;(252) 667-8366;West Palm Beach, FL 33411
342;1538;Orozco,Irene;(609) 330-8191;Jacksonville, FL 32208
343;4112;Heredia,Yago;(439) 401-6738;Orlando, FL 32812
344;3046;Diego,Hernán;(946) 600-8214;West Palm Beach, FL 33415
345;2059;Severino,Darío;(384) 619-1581;Orlando, FL 32810
346;1461;Rovira,Eli;(675) 655-1424;Pompano Beach, FL 33064
347;2654;Barbero,Remedios;(842) 708-2942;Key West, FL 33040
348;4954;Azcona,Telmo;(656) 301-2331;Panama City, FL 32404
349;1666;Luis,Jose;(728) 554-8409;Hollywood, FL 33025
350;1094;Ferrer,Maximiliano;(557) 382-0708;Winter Springs, FL 32708
351;1231;Pellicer,Seve;(395) 354-7424;Miami, FL 33162
352;4384;Gallart,Poncio;(752) 229-5173;Miami, FL 33175
353;2346;Morante-Portero,Abril;(653) 317-7538;Port Orange, FL 32127
354;4582;Arroyo,Alondra;(720) 816-6636;Tampa, FL 33617
355;3300;Neira,Nando;(392) 567-1811;Fort Lauderdale, FL 33321
356;1349;Puig,Soraya;(233) 981-3075;Hollywood, FL 33021
357;2759;Ferrera,Teresita;(469) 699-2655;Dunedin, FL 34698
358;2280;Mendez,Ignacio;(311) 568-5798;West Palm Beach, FL 33414
359;3694;Bayo,Isabel;(930) 839-6069;Lake Worth, FL 33467
360;3975;Linares,Ligia;(595) 770-6147;Miami, FL 33196
361;3387;Gaya,Simón;(796) 698-2556;Orlando, FL 32818
362;4153;Larrañaga,Chus;(518) 447-3410;Orlando, FL 32839
363;1256;Arévalo,Ángeles;(963) 286-3940;Brandon, FL 33511
364;2097;Juan,Benito;(989) 381-2553;Valrico, FL 33594
365;4507;Valderrama,Amaya;(760) 748-7416;Melbourne, FL 32935
366;1725;Rodriguez,Beatriz;(382) 950-9603;Jacksonville, FL 32209
367;4976;Ortega,Amílcar;(256) 505-6404;Fort Lauderdale, FL 33334
368;4711;Laguna-Bas,Seve;(262) 756-8019;Jupiter, FL 33458
369;2757;Javier,Francisco;(437) 405-6290;Deltona, FL 32738
370;4306;Crespo,Erasmo;(582) 368-1385;Boynton Beach, FL 33435
371;3248;Perelló-Losada,Octavio;(659) 871-3879;Fort Lauderdale, FL 33351
372;4725;Leticia,Camila;(353) 426-1757;Palm Harbor, FL 34683
373;4859;Manuela,Áurea;(856) 331-2705;Homestead, FL 33033
374;4469;Arcos,Carina;(700) 644-2712;Orlando, FL 32837
375;1910;Baró,Yago;(294) 342-2123;Boca Raton, FL 33433
376;3915;Folch,Antonio;(232) 232-3544;Tampa, FL 33612
377;4922;Ramón,Jose;(368) 282-4245;Miami, FL 33134
378;3075;Caridad,Dulce;(606) 269-6077;Daytona Beach, FL 32119
379;1417;Benítez,Cruz;(975) 455-9019;Jacksonville, FL 32257
380;1752;Carnero,Fabio;(473) 353-4079;Miami, FL 33165
381;1479;Casanovas,Nayara;(845) 455-2297;Miami, FL 33177
382;1034;Villegas,Miguel;(811) 819-5474;Gainesville, FL 32608
383;2097;Guillén,Ildefonso;(923) 852-7654;Port Saint Lucie, FL 34952
384;3490;Ignacio,Jose;(559) 237-1566;Tallahassee, FL 32303
385;1579;Jesús,María;(930) 751-5153;Tallahassee, FL 32304
386;1646;Ledesma,Mamen;(423) 496-3540;Casselberry, FL 32707
387;4263;Casanovas,Ambrosio;(566) 531-0451;Miami, FL 33176
388;3648;Ferrán,Joan;(923) 361-1596;Lake Worth, FL 33463
389;4297;Tamayo,Vasco;(479) 389-7125;Hollywood, FL 33024
390;4899;Aroa,Leire;(522) 838-0614;Hialeah, FL 33018
391;3693;Guardia,Felix;(463) 645-5648;Miami, FL 33173
392;2969;Dalmau-Bolaños,Gloria;(968) 499-4402;Miami, FL 33193
393;4892;Solsona,Eliana;(263) 379-6789;Tampa, FL 33615
394;1051;Valdés,Liliana;(316) 405-3234;Jacksonville, FL 32225
395;1687;Feijoo,Tomasa;(443) 667-4609;Miami, FL 33186
396;4810;Ángel,José;(851) 269-0491;Pensacola, FL 32503
397;1095;Roma-Estevez,Pío;(727) 313-4625;Lakeland, FL 33813
398;3836;Tello-Toledo,Amelia;(900) 258-6110;Sarasota, FL 34231
399;2740;de,Roberta;(984) 388-6360;Boynton Beach, FL 33436
400;3442;Melero,Primitivo;(994) 832-9514;Pompano Beach, FL 33068
401;4624;Sanz,Benigno;(470) 309-6205;Orlando, FL 32808
402;1370;Rivas,Reyna;(510) 332-3248;Oviedo, FL 32765
403;3149;Goñi,Olivia;(608) 742-9416;Orlando, FL 32811
404;4449;Morcillo-Calvo,Isaac;(382) 786-4916;Cape Coral, FL 33904
405;1330;Franco,Asdrubal;(688) 304-8571;Middleburg, FL 32068
406;4441;Ámbar,Alexandra;(639) 405-1427;Jacksonville, FL 32244
407;4717;Menéndez,Calisto;(648) 441-1338;Ormond Beach, FL 32174
408;3122;Cintia,Graciana;(558) 935-7698;Hialeah, FL 33010
409;1557;Duarte,Mayte;(398) 257-6801;Miami, FL 33157
410;4805;Teresa,María;(226) 474-1021;Altamonte Springs, FL 32714
411;1143;Pizarro,Federico;(696) 224-8334;Orlando, FL 32825
412;2202;Córdoba,Pacífica;(861) 766-3153;Fort Lauderdale, FL 33317
413;4907;Jiménez-Galvez,Rosa;(283) 579-9362;Tampa, FL 33610
414;3970;Bonet,Martirio;(970) 553-9470;Miami, FL 33155
415;2346;Roldan,Ruy;(251) 956-4735;Deltona, FL 32725
416;2251;Múgica,Felisa;(461) 415-6750;Palm Bay, FL 32907
417;2156;Valentín,Anselma;(942) 377-8831;Tampa, FL 33604
418;2163;de,Lino;(209) 879-7336;Jacksonville, FL 32224
419;2769;Leiva,Sandra;(786) 225-1408;Saint Petersburg, FL 33713
420;1900;Gutiérrez,Federico;(706) 852-2679;Fort Lauderdale, FL 33313
421;3596;Exposito,Aristides;(332) 433-7473;Venice, FL 34293
422;1672;Ibañez,Claudia;(788) 716-6288;Orlando, FL 32835
423;4674;Bejarano,Roque;(969) 824-6307;Jacksonville, FL 32246
424;4444;Font,Sergio;(578) 987-8609;Hollywood, FL 33023
425;4117;Chus,Luisina;(864) 796-2642;Jacksonville, FL 32211
426;1732;Torre,Eusebia;(360) 395-0174;Opa Locka, FL 33056
427;3335;Sancho-Garrido,Pedro;(473) 259-7625;Miami Beach, FL 33141
428;2460;Lluch,Blanca;(585) 896-7221;Pompano Beach, FL 33065
429;4051;Aranda,Benito;(516) 505-2111;Miami, FL 33125
430;1123;Lerma,Juan;(948) 883-9967;Miami, FL 33172
431;1926;Fuster,Nayara;(719) 644-3160;Tallahassee, FL 32308
432;1777;Mendizábal-Tejera,Maricela;(600) 967-9596;Sarasota, FL 34232
433;3086;Ledesma,Silvio;(997) 396-1254;Miami, FL 33126
434;3552;García,Ovidio;(289) 891-8370;Arcadia, FL 34266
435;1404;Gisbert,Marina;(454) 330-7142;Daytona Beach, FL 32114
436;4963;Pina,Nazaret;(843) 779-5683;Miami, FL 33142
437;1705;del,Valentina;(424) 719-6724;Riverview, FL 33569
438;2656;Antonio,José;(849) 292-8635;Leesburg, FL 34748
439;2752;Belén,María;(477) 421-7045;Hialeah, FL 33015
440;3925;Barroso-Coloma,Manuelita;(401) 825-3736;Hialeah, FL 33014
441;3204;Valentín,Carmelo;(305) 393-0553;Fort Lauderdale, FL 33311
442;1815;Ramón,Jose;(640) 477-1369;Pensacola, FL 32514
443;3257;del,Ruben;(225) 944-9455;Hialeah, FL 33012
444;3746;Riba,Jordana;(818) 544-9992;Winter Park, FL 32792
445;3194;Giralt,Brunilda;(248) 248-7570;Palmetto, FL 34221
446;3323;Valenciano,Jose;(688) 689-4456;Jacksonville, FL 32207
447;4212;Gil-Miralles,Inés;(532) 988-8123;Clermont, FL 34711
448;1488;del,Pío;(447) 481-7902;Kissimmee, FL 34741
449;2255;Valera,Amílcar;(333) 864-8602;Sanford, FL 32771
450;4505;del,Laura;(350) 978-7967;Pensacola, FL 32506
451;2186;Iborra,Encarnación;(316) 992-3895;Pompano Beach, FL 33071
452;2586;de,Nicolasa;(247) 429-9544;Suite 3
453;1430;Loreto,Evaristo;(843) 742-7308;231 Marsh Lane
454;4415;Visitación,Esmeralda;(770) 393-3543;2 West Vine St.
455;3278;Melero,Manuel;(949) 598-2771;62 Homewood Street
456;3460;Verdejo,Paca;(699) 746-9159;95 Delaware Dr.
457;2046;del,Regina;(844) 950-9259;8133 Sycamore Street
458;1060;Giménez,Águeda;(787) 302-4699;8546 Ketch Harbour Ave.
459;2800;Montesinos,Anastasio;(952) 745-8983;8683 South Drive
460;1027;Quintero,Marisela;(873) 828-7242;17 Silver Spear Drive
461;3145;Espada,Isaac;(943) 865-9127;60 Lower River St.
462;3880;Gaya,Luciana;(668) 821-9575;9661 Aspen St.
463;2755;Olmedo,Samanta;(456) 829-6689;265 Mill Pond Dr.
464;3059;Atilio,Osvaldo;(224) 518-9412;7440 Cherry Hill Court
465;3280;Montenegro,Tere;(822) 587-3348;8958 Golf St.
466;3218;Alegre-Izquierdo,Nicodemo;(699) 407-0837;654 S. Jones Street
467;3884;Chico-Cuesta,Adelardo;(272) 549-4608;735 E. Newbridge St.
468;3429;Diez,Dorotea;(887) 405-0872;607 Cherry Hill Street
469;1248;Noguera,Donato;(762) 491-8640;732 Prince Lane
470;1541;Del,María;(368) 723-8977;27 Grandrose Ave.
471;1227;Sanjuan,Roxana;(698) 412-9077;895 Sleepy Hollow St.
472;1993;Villalba,Primitiva;(302) 256-8455;767 North Miller St.
473;2244;Manzano,Aura;(917) 817-2323;7049 Water Road
474;3488;Macario,Sabas;(272) 983-1657;17 South Court
475;3486;Falcón-Cadenas,Apolinar;(334) 772-1013;9198 West Grant Street
476;1200;Gallego,Horacio;(299) 772-6764;50 Lawrence Rd.
477;3244;Cañellas-Abad,Curro;(229) 988-7982;858 Race St.
478;4812;Corominas,Julio;(583) 883-0821;93 East Longbranch Dr.
479;4468;Olmedo,Dominga;(464) 724-8248;19 Victoria Street
480;4565;Cortés,Norberto;(468) 449-7481;NW48 5MP
481;4018;Valls,Juana;(628) 943-0691;London
482;4905;García,Inés;(712) 908-2589;41 School Lane
483;1880;Pablo,Marianela;(987) 571-6279;NW31 7RM
484;2944;Solsona,Azahar;(929) 373-3828;London
485;4014;Leon,Patricia;(734) 789-3855;54 Kingsway
486;1640;Moles-Verdú,Inmaculada;(733) 556-5309;N75 6DC
487;2469;Casanova,Piedad;(429) 856-2926;London
488;3090;Amigó-Arias,Dafne;(867) 348-9295;9241 Grove Road
489;2976;Tur,Anabel;(698) 662-7980;SE50 2RD
490;1037;Jose,Danilo;(632) 905-5610;London
491;3840;Salcedo,Aura;(901) 282-1660;168 The Green
492;4251;Cepeda,Ramiro;(229) 509-6838;N47 9MT
493;3278;Tormo,Nadia;(852) 727-9985;London
494;4390;González,Paola;(878) 768-5731;165 Springfield Road
495;4558;Quesada,Remedios;(577) 307-6609;E03 6OB
496;3019;Cortés,Andrés;(799) 915-9575;London
497;2424;Ángeles,María;(744) 335-2955;64 South Street
498;3072;Antonio,Heliodoro;(617) 452-1538;W94 3IX
499;3946;Carballo,Belen;(919) 981-1829;London
500;3410;Márquez,Quique;(528) 684-9875;601 London Road
501;4041;Amor,Felicidad;(494) 899-6340;E98 4TE
502;1314;de,Esteban;(701) 769-5447;London
503;4314;Javiera,Eligia;(388) 723-4833;46 Victoria Street
504;1738;Ordóñez,Nidia;(936) 408-8750;W96 8WX
505;3388;de,Adelaida;(291) 231-4877;London
506;2500;Torre,Dalila;(574) 819-4630;9 Station Road
507;2425;Guardia,Roldán;(898) 602-2321;EC65 7IP
508;3984;Barragán,Gabino;(324) 842-3359;London
509;4266;Chamorro-Vives,Amanda;(674) 307-5065;71 North Street
510;1033;Cañas,José;(860) 430-9246;W85 2FV
511;4020;Exposito,Benita;(349) 220-3362;London
512;1529;de,Nerea;(552) 912-4336;51 Manchester Road
513;3618;de,Benjamín;(841) 890-5507;NW17 8IR
514;2903;Arranz-Muro,Cristina;(810) 993-2143;London
515;4692;Pellicer,Lupe;(454) 648-4285;468 Springfield Road
516;4027;Pinedo,Cándida;(263) 975-5248;SW96 2IA
517;3998;Antón,Carmelita;(229) 791-0591;London
518;4194;Macias,Felicidad;(239) 230-6723;21 Grange Road
519;1537;Cortes,Fanny;(519) 834-6230;SE96 8YE
520;4055;Barros,Eusebio;(927) 989-2134;London
521;3984;Requena-Barriga,Leocadio;(750) 231-1278;95 Highfield Road
522;2582;Feijoo-Goñi,Abril;(993) 819-1581;N05 7OW
523;4807;Agustí,Luciano;(992) 764-6787;London
524;2769;Flores,Carlos;(426) 616-7643;953 School Lane
525;1643;Galán,Pastora;(782) 483-8539;E64 5WK
526;3143;Aitana,Corona;(758) 784-6496;London
527;4852;Peinado-Morales,Jerónimo;(353) 949-8642;481 Park Road
528;3676;García,Nicanor;(419) 271-2209;NW10 6DG
529;2719;Guillermo,Lisandro;(695) 831-3671;London
530;1862;Vallés,Natanael;(471) 654-4289;800 Mill Road
531;2602;Sáenz,Xiomara;(610) 698-5603;NW83 2EN
532;3114;Zurita,Santos;(848) 708-6921;London
533;3013;Rozas,Isidro;(425) 759-6711;136 Kingsway
534;1534;Raquel,Patricia;(536) 509-3496;N59 6EV
535;4776;Alberola,Patricio;(682) 371-3633;London
536;2603;Barrio,Bibiana;(395) 739-7429;26 Grove Road
537;4011;del,Lucila;(496) 593-3991;EC01 3ZX
538;1176;Matas,Danilo;(422) 591-9860;London
539;4233;Lucas,Duilio;(614) 614-8713;34 Manor Road
540;4019;Reyes,José;(543) 365-7239;NW45 6ST
541;3261;Pascual,Nicolás;(953) 224-1239;London
542;1291;Barberá,Gonzalo;(719) 666-7774;44 School Lane
543;1927;Sanchez,Marco;(740) 214-9501;W09 2TG
544;1925;Olivera,Alejandra;(957) 947-6883;London
545;1138;Leiva,Sandra;(454) 614-0576;65 Kings Road
546;2836;Urrutia,Sigfrido;(501) 237-3656;SE57 3KJ
547;3734;Ureña,Nydia;(302) 344-8410;London
548;2051;Tolosa,Etelvina;(364) 877-2311;45 Main Road
549;3336;Gilabert,Adriana;(209) 900-1460;EC64 1KL
550;4576;José,Juan;(705) 896-8293;London
551;2574;Marti,Emiliana;(845) 453-8354;710 Richmond Road
552;2343;Solera,Adora;(222) 401-6952;W56 7HP
553;4692;Arregui,Sancho;(226) 882-1823;London
554;4405;Pacífica,Sonia;(876) 391-9261;95 South Street
555;4667;Pelayo,Aitor;(942) 807-6926;NW58 7WR
556;3069;Losa,Juana;(772) 705-5952;London
557;2332;Ríos,Goyo;(840) 981-1117;208 Grove Road
558;4770;Beltran-Torralba,Rufino;(693) 870-1822;W43 9QS
559;1299;Pareja,Apolonia;(388) 451-5422;London
560;2155;Samper,Herminia;(780) 656-1096;85 Broadway
561;3976;Morera,Loida;(579) 952-6808;N71 3MK
562;4658;Cadenas,Milagros;(387) 538-2533;London
563;4107;Saura,Ema;(727) 372-5713;877 North Road
564;3262;Ibañez,Angelino;(317) 672-5744;W93 5YP
565;2868;Gutierrez,Candelas;(329) 891-2077;London
566;4834;Figuerola-Lorenzo,Lucio;(398) 404-4531;1 The Avenue
567;2913;Ramírez,Benita;(951) 374-6032;W02 8UK
568;4913;Tovar,Zaida;(361) 244-5124;London
569;4177;Puga,Héctor;(308) 927-4163;62 Richmond Road
570;4427;Carmona,Adelina;(604) 635-3303;W42 9AC
571;4907;Tejedor,Carmelita;(334) 850-8140;London
572;2507;Quero,Bernarda;(551) 463-3914;45 The Crescent
573;2984;Alfaro,Evita;(732) 565-1110;SE53 2CJ
574;3378;Reyes,Lidia;(312) 348-5773;London
575;3621;Rosell,Carlota;(637) 729-8146;28 Windsor Road
576;4085;Montero,Fausto;(809) 618-5906;EC06 3FQ
577;4526;Castellanos,Lalo;(875) 247-7784;London
578;4192;Jover-Mendoza,Sabina;(922) 389-1420;3 St. John’s Road
579;2371;Mur,Nuria;(358) 338-4360;WC80 6TR
580;2739;Gutierrez,Feliciana;(371) 781-3986;London
581;2089;Vidal,Jerónimo;(994) 884-8160;22 Church Street
582;1033;Jordán,Fortunata;(410) 711-4695;NW51 4UV
583;2434;Céspedes,Manu;(679) 967-9642;London
584;1756;Guzman,Áurea;(392) 902-5044;96 The Avenue
585;3246;Lledó,Modesta;(812) 508-9807;SE59 7HT
586;3330;Lastra-Cuervo,Telmo;(422) 416-4444;London
587;1189;Camino-Briones,Iris;(473) 919-0061;5 George Street
588;2432;Belda,Clarisa;(822) 736-4675;N05 2BR
589;1745;Palau,Petrona;(833) 823-6470;London
590;1176;Alcázar,Cándido;(413) 463-3164;44 Manor Road
591;4289;Carlos,Jose;(780) 604-2895;SW74 1UW
592;3898;de,Adoración;(262) 211-0265;London
593;1072;Salamanca,Gregorio;(268) 712-7660;90 St. John’s Road
594;4375;Llopis,Miguel;(744) 267-9349;E21 5SK
595;4812;Gilberto,Eutimio;(949) 257-2530;London
596;1826;Roca-Soler,Anita;(834) 971-5240;82 West Street
597;3930;Gomis-Bello,Adalberto;(707) 279-5282;W06 1LQ
598;3090;Giner,Paz;(934) 362-5596;London
599;3046;Cuéllar,Horacio;(336) 533-6650;7 Stanley Road
600;3488;Real-Tolosa,Urbano;(375) 573-3606;EC36 4JR
601;3665;Segarra,Curro;(944) 481-9531;London
602;1782;Nevado,Clemente;(466) 210-7434;319 The Grove
603;2108;Elías,Azucena;(832) 804-2690;E75 8HS
604;3816;Villena-Saura,Nicolasa;(347) 847-3387;London
605;3241;Miguel,Luis;(301) 821-4226;65 High Street
606;4065;Pla,Salomé;(462) 752-6248;N12 0BH
607;4935;Morán,Nazaret;(400) 658-1904;London
608;1913;Edu,Rafael;(596) 653-4507;71 Stanley Road
609;2166;Salmerón,Sergio;(519) 384-8287;WC50 3YX
610;2968;del,Mamen;(896) 641-7976;London
611;2443;Aparicio,Tecla;(288) 958-3534;517 Stanley Road
612;4945;Rodríguez,Amado;(871) 820-2589;SW28 3JH
613;2703;Seco,Jordi;(303) 681-8666;London
614;1562;Vega,Manu;(385) 830-3297;69 High Street
615;1264;Riquelme,Basilio;(971) 618-7510;N75 9BF
616;2313;Marín,Emiliano;(851) 584-2900;London
617;2255;de,Itziar;(247) 995-5965;41 Alexander Road
618;3881;del,Carmelita;(998) 535-6878;NW29 1SG
619;1930;Ballester,Rufina;(350) 396-0627;London
620;3802;Escribano,Obdulia;(770) 862-7445;84 Church Lane
621;2721;Montero,Eli;(786) 235-4329;E61 2JK
622;2367;Expósito,Edelmiro;(300) 685-3494;London
623;4396;Calderón-Olmedo,Encarnacion;(226) 599-5111;319 Alexander Road
624;1420;Aller,Toribio;(560) 348-7975;NW41 9IZ
625;1935;Tamarit,Hugo;(693) 263-4900;London
626;4895;del,Renata;(546) 784-9818;363 The Green
627;2795;Carreras,Prudencio;(212) 965-6554;W28 9FC
628;1032;de,Fabio;(889) 443-1755;London
629;4231;Hernando,Ciro;(848) 779-2483;78 Springfield Road
630;4595;Anguita,Efraín;(805) 697-3346;NW41 6MG
631;3129;Clemente,Claudia;(913) 721-8266;London
632;2898;Paredes-Fajardo,Brunilda;(282) 349-2003;9 Main Road
633;4061;Moles,Nicolás;(963) 229-9721;SW19 4ZN
634;2691;Alemany,Fátima;(546) 649-9186;London
635;3333;González,Gabriela;(790) 423-9896;76 The Grove
636;4488;Cerdá-Fernández,Norberto;(402) 426-6854;SE80 7ZT
637;3225;Colom,Mónica;(258) 814-1284;London
638;4014;González,Eusebio;(832) 468-1526;5 Victoria Street
639;3315;del,Isaac;(587) 654-1459;N28 3JE
640;1878;Gisbert,Víctor;(786) 599-5695;London
641;1666;Castell,Paca;(673) 380-1953;9535 Manchester Road
642;1974;Zoraida,Belen;(787) 598-7416;N85 7LD
643;4578;Fuente,Pastor;(252) 212-3211;London
644;2488;Quero,Amaro;(458) 895-2442;520 Albert Road
645;2061;del,Margarita;(901) 850-8259;SE34 0ME
646;3393;España,Calixto;(625) 448-6097;London
647;2054;Mulet,Sofía;(556) 902-0359;567 Albert Road
648;3056;Ariadna,Melania;(419) 691-3967;WC72 9NZ
649;1137;Dulce,Albina;(299) 917-8437;London
650;1368;Roig,Pepita;(568) 949-0998;23 Park Avenue
651;2899;Leal,Marcela;(377) 519-0306;SW89 6BP
652;2719;Salvà,Paloma;(266) 259-5870;London
653;4841;Martí,Adelia;(399) 366-1808;584 Park Avenue
654;1670;Batalla,Atilio;(494) 586-8976;SW73 5IR
655;3258;Novoa,Felicia;(255) 815-9078;London
656;4936;Guardia,Petrona;(727) 783-4000;81 Manor Road
657;2155;Oliveras-Mármol,Tito;(848) 504-4182;N69 4QH
658;3024;Plana,Urbano;(746) 203-6657;London
659;2120;Rodriguez,Anselma;(865) 416-9258;21 Manor Road
660;1370;Fabra,Adrián;(965) 404-9334;EC85 9TN
661;4668;Becerra,Nicolasa;(928) 728-1293;London
662;4797;Carbajo,Ágata;(979) 684-4030;9459 King Street
663;4913;Laura,Pepita;(667) 933-2880;WC09 3CX
664;1874;Carpio,Noemí;(569) 583-5618;London
665;2497;Mosquera,Edelmira;(553) 319-8193;288 Broadway
666;2315;Fonseca,Petrona;(216) 642-1783;N82 6DQ
667;2413;Peralta,Fernando;(758) 641-0007;London
668;1932;Florencio,Ariel;(647) 600-0763;13 Victoria Road
669;1188;Almansa,Magdalena;(389) 210-4301;W62 7UD
670;2962;Chuy,Amancio;(559) 237-4254;London
671;1705;Albero,Xiomara;(425) 639-1001;42 Stanley Road
672;1243;del,Moreno;(912) 744-3841;WC10 7YI
673;2939;Arjona,Mayte;(420) 734-0267;London
674;3900;Conde,Elena;(642) 256-2742;1 North Road
675;4975;Peinado,Celia;(440) 856-1816;SE21 8PJ
676;3037;Mas,José;(236) 758-1959;London
677;1614;del,Marco;(454) 251-7217;874 Manor Road
678;2745;Martorell,Ariel;(554) 671-5835;EC17 3MA
679;2792;Ibañez,Claudia;(796) 405-5951;London
680;2946;Llanos,Morena;(355) 836-1997;823 The Green
681;1015;Gertrudis,Tecla;(286) 437-9985;W95 4IQ
682;3788;Francisco,Jose;(728) 630-9093;London
683;1072;Donaire,Teresita;(375) 276-9555;45 South Street
684;1232;Campillo,Sofía;(303) 888-3580;SE29 0XB
685;1353;Anastasia,Paola;(620) 263-0937;London
686;1742;Ojeda,Fabián;(285) 569-3815;75 The Drive
687;4021;Conde-Amat,Pascuala;(933) 493-1296;NW49 8JX
688;4084;de,Vicente;(984) 925-1479;London
689;2596;de,Serafina;(745) 969-2385;893 Church Lane
690;2296;Susanita,Benita;(385) 423-8512;SE91 4YS
691;2985;Aliaga,Casemiro;(541) 380-9655;London
692;4524;Machado,Renato;(499) 251-4292;5 Kingsway
693;4668;Mendoza,Desiderio;(889) 376-3128;EC74 0XB
694;4230;Bernat,Gerardo;(899) 319-0739;London
695;1599;Torrecilla,Hugo;(799) 736-0563;44 Grove Road
696;2802;Ortega,Mamen;(897) 495-1662;W52 6WK
697;3071;del,Ciríaco;(744) 403-9916;London
698;2456;Gargallo,Reynaldo;(936) 598-2906;79 The Avenue
699;3329;Quero,Blanca;(469) 532-4548;WC28 1FM
700;2035;Catalán,Concepción;(947) 361-6058;London
701;4729;Bilbao,Carolina;(949) 882-5871;85 Victoria Street
702;1791;Gonzalez,Luisina;(305) 415-3051;SW74 5VB
703;1068;Larrañaga,Filomena;(828) 518-2220;London
704;4618;Roldán-Galván,Marta;(723) 679-1851;220 Manchester Road
705;2900;Valderrama,Alma;(274) 482-2742;SW25 9DQ
706;1467;Viana,Alcides;(596) 753-6330;London
707;3045;Garmendia,Santiago;(493) 751-7562;9518 Mill Road
708;4297;Torrent-Valverde,Nerea;(804) 565-3963;NW19 5DQ
709;1374;del,Ángeles;(857) 359-0241;London
710;3502;de,Octavio;(680) 877-0373;9 Grange Road
711;3804;Herrero-Canet,Eligio;(644) 440-6033;WC26 5BI
712;1909;Carbonell,Elías;(788) 977-2844;London
713;2775;Olmedo,Elvira;(244) 263-7499;575 Park Avenue
714;4834;Landa,Sosimo;(837) 287-6032;SW21 9ZX
715;2090;del,Clotilde;(212) 363-5006;London
716;4505;Tello,Alcides;(315) 840-0702;9505 The Grove
717;1781;Simó,Sigfrido;(467) 358-4503;SE31 9GQ
718;2877;Leon,Nerea;(360) 620-0866;London
719;1997;Ballesteros-Francisco,David;(229) 275-5223;437 Queensway
720;1810;Araceli,Eva;(344) 778-8434;NW87 0HE
721;2032;Conesa,Tecla;(258) 518-2594;London
722;2315;Isern,Mayte;(859) 270-2403;4 Mill Road
723;2482;Bauzà-Torrens,Ignacio;(611) 486-5321;SW50 4KB
724;2781;Estrada-Querol,Amor;(768) 652-3949;London
725;2465;Aranda,Gabino;(998) 487-9102;11 The Avenue
726;3439;Asenjo,Gerónimo;(253) 321-2154;NW16 9IB
727;1873;Andreu,Enrique;(532) 409-6324;London
728;3764;Cantón,Clara;(661) 728-1691;76 Queensway
729;3158;Asensio,Baudelio;(570) 540-0876;WC10 3BR
730;2835;del,Pepita;(433) 516-7191;London
731;3375;Batalla,Alba;(535) 857-6686;24 Kings Road
732;3235;Patiño,Bernardino;(849) 782-9869;WC58 1WY
733;1256;Vaquero,Esteban;(561) 625-6255;London
734;2034;Tomás,Anacleto;(654) 705-7739;94 New Road
735;2710;Nicolau,Severino;(712) 820-6745;NW54 0QY
736;1085;Feijoo,Corona;(259) 838-4855;London
737;3993;Hurtado,Rafaela;(824) 717-6847;73 Chester Road
738;4651;Calderón,Zaira;(366) 665-1941;SE36 8WH
739;3162;Acero,Aníbal;(305) 495-3592;London
740;4367;Palomo,Leocadio;(602) 659-7572;386 Richmond Road
741;1325;Carlos,Juan;(689) 239-4563;EC70 8TD
742;4046;Bravo-Cano,Elvira;(207) 205-4139;London
743;1883;de,Demetrio;(516) 973-1052;16 George Street
744;1211;Garay,Hernando;(556) 265-3355;NW01 6ER
745;4435;Roma,Isabela;(630) 838-5414;London
746;2019;Tomás-Bermúdez,Roberto;(762) 570-3297;93 St. John’s Road
747;4406;Oliva,Yolanda;(283) 766-9356;N10 2EQ
748;4911;Pinilla,Rosendo;(750) 486-9536;London
749;3680;Celia,Vanesa;(619) 353-7970;5 Church Road
750;4391;de,Albina;(961) 219-0829;SE07 3LY
751;2509;Arroyo,Georgina;(209) 879-1264;London
752;1943;Rodrigo,Celestina;(332) 532-0822;213 The Drive
753;2963;de,Felicidad;(487) 640-6779;NW58 3QB
754;4579;Almansa-Bárcena,Valeria;(536) 366-2187;London
755;2288;Cortina,Javier;(363) 544-2841;28 Victoria Street
756;3089;Isidro,Manolo;(461) 271-1631;SW80 9JL
757;1685;Bustamante,Concepción;(857) 335-5320;London
758;2322;Tur,Viviana;(634) 371-1153;27 Church Road
759;4941;Valentín,Emilia;(439) 244-2458;WC52 1ML
760;2153;Arcos,Bárbara;(320) 535-5081;London
761;4293;Giménez,Martín;(993) 964-1956;40 Woodland Dr.
762;3803;Real,Gastón;(748) 245-9826;9453 South Pineknoll Drive
763;1939;Peñas,Estefanía;(381) 532-2238;847 S. Manor St.
764;4565;Estrella,Loreto;(907) 754-8902;7071 Third St.
765;2763;Quirós,Emperatriz;(531) 907-4416;8215 Atlantic St.
766;3065;Escalona,Leocadio;(572) 498-8666;735 N. Yukon Street
767;1689;Barroso,Carina;(716) 425-2898;3 Holly Ave.
768;3703;Tomas,Damián;(762) 419-8629;770 Carson St.
769;3070;Vallejo-Coll,Isaac;(280) 675-9489;47 Honey Creek Lane
770;3741;Lozano,Fernanda;(634) 550-6646;89 West Lakeview Dr.
771;3668;Diego,Angélica;(527) 606-6801;541 S. State Dr.
772;1636;Luis,José;(465) 963-8317;8759 Tanglewood Dr.
773;3662;Sáenz,María;(659) 984-6638;9283 High Ridge Drive
774;4640;Olmedo,Hernando;(962) 381-3510;582 Honey Creek Road
775;3784;Chacón,Mamen;(576) 978-9774;847 West Jockey Hollow Court
776;2805;Ros,Morena;(721) 881-8367;720 Paris Hill St.
777;2639;Mena,Berta;(812) 855-9668;61 Bridle St.
778;4747;Alemany,Carmen;(819) 268-2557;9555 Purple Finch Dr.
779;2461;Oliveras,Emilia;(398) 878-0122;8473 South Lilac Court
780;4881;Santiago,Jaime;(301) 631-9640;855 Colonial St.
781;3098;de,Clemente;(891) 535-5328;48 Sunbeam St.
782;2345;del,Hilda;(576) 200-5761;440 Cactus St.
783;1515;Abril,Espiridión;(654) 407-4012;36 NW. Pierce St.
784;1584;Cal,Porfirio;(599) 743-9003;832 Lake Forest Rd.
785;1136;Ángeles,María;(240) 906-5404;810 10th St.
786;1069;Dávila,Darío;(455) 626-4301;268 E. Penn Circle
787;4959;Manuel,Victor;(493) 311-8669;606 Galvin Street
788;4633;Saura,Marcela;(758) 602-4935;940 Riverside Court
789;2193;Carreras,Rosalva;(390) 779-8899;9485 S. Pheasant Dr.
790;1353;Bermúdez-Espejo,Ágata;(487) 438-4975;54 Indian Summer Street
791;4803;Bellido,Leire;(659) 904-0068;719 Center Ave.
792;1229;Emilia,Consuela;(721) 772-9718;91 SE. Pierce Ave.
793;1132;Luis,Juan;(471) 210-6992;73 Alderwood St.
794;4231;Garrido,Nazaret;(435) 955-2960;9163 South Oxford Ave.
795;2485;Pons,Elena;(323) 803-5626;8478 West St.
796;1524;Castells,Pilar;(507) 934-7625;8142 Lees Creek Rd.
797;3112;María,José;(532) 766-7644;70 Green Hill Drive
798;1208;de,Manolo;(772) 757-3738;9983 Woodside Street
799;2567;Beltrán,Cándido;(887) 277-6652;23 Tarkiln Hill Avenue
800;2352;del,Apolonia;(725) 408-3080;7241 Cemetery Ave.
801;1425;Rovira,Zoraida;(845) 673-0453;85 Lookout Ave.
802;2063;Pont,Elpidio;(962) 741-6475;37 Fairview Ave.
803;2111;Lobo-Haro,Joan;(396) 942-3896;91 Annadale Road
804;1009;Gimeno,Nayara;(672) 429-8285;81 Bohemia Lane
805;4679;del,África;(524) 528-5199;749 N. Beechwood Ave.
806;3138;Pinedo,Ángela;(422) 560-9699;759 E. Foxrun Ave.
807;4499;Fabregat,Joan;(879) 980-7282;242 East 8th Lane
808;1257;Tamayo-Carpio,Cruz;(372) 654-9387;8133 SE. Augusta Ave.
809;3810;Pedro,Pascual;(933) 613-2582;8497 3rd St.
810;4542;Guitart,Melisa;(365) 278-8056;9045 Poor House Lane
811;1687;Caballero,Anacleto;(588) 897-0633;71 Cambridge Lane
812;2606;Calleja,Vicente;(303) 754-3969;8117 Birch Hill Rd.
813;4586;Ropero,Marco;(311) 963-9615;9140 Carpenter St.
814;1848;Baquero-Cánovas,Cristian;(777) 720-1143;538 Cross Street
815;1620;Reina,Josep;(741) 758-2688;919 Princeton St.
816;4766;Anguita-Sancho,Florinda;(802) 484-9409;17 Ashley Street
817;2035;Villaverde,Calixta;(641) 921-8831;682 Glenwood Street
818;2994;Milla-Martorell,Marisela;(954) 421-2884;94 Beach St.
819;4336;Almeida,Rosendo;(954) 956-0103;26 East Main Dr.
820;2005;Sofía,Ana;(295) 983-4853;373 Bear Hill St.
821;3359;Caballero,Rolando;(253) 483-2574;497 Maiden Street
822;2315;Casanovas-Riba,Paola;(244) 616-3629;741 Ann Ave.
823;3322;del,Lupita;(586) 717-5632;23 Kent St.
824;4684;Franco,Modesto;(890) 780-5763;4 Fairground Avenue
825;1807;Morante,Modesto;(958) 671-5221;20 Deerfield Lane
826;3255;Ferrero,Clemente;(203) 272-8879;9618 Lower River St.
827;2581;Ferrera,Guiomar;(412) 374-4809;50 New Rd.
828;2011;Borrell-Armas,Araceli;(700) 831-5400;534 Clinton Street
829;4636;Gutierrez,Jorge;(536) 847-4736;56 Marsh Drive
830;4807;Mamen,Beatriz;(853) 399-2912;901 Belmont Street
831;1972;Rivero,Vicenta;(719) 895-4064;34 West Pleasant St.
832;1602;Solé-Palma,Vicenta;(579) 455-3524;61 Fulton Street
833;4331;Beltrán,Alejandra;(952) 284-4700;38 Nut Swamp St.
834;1226;Casanova,Ruperta;(819) 878-4303;505 Evergreen Dr.
835;3060;Ayala,Nicolás;(467) 290-0508;353 Sherman St.
836;4033;del,Leopoldo;(590) 409-5907;764 New St.
837;4333;del,Haroldo;(266) 570-8715;2 Delaware Lane
838;2058;Pastora,Juanita;(471) 733-8756;940 S. Thomas Ave.
839;1834;Manuel,Jenny;(616) 501-9475;8459 Wagon Road
840;2220;Cantero,Belén;(814) 815-8592;815 Victoria Ave.
841;4947;Grande,Candela;(628) 340-8842;7019 Maple St.
842;4751;Sans,Socorro;(994) 397-7201;7328 Marsh St.
843;1909;Antúnez,Nazaret;(644) 968-4427;7379 Nut Swamp Dr.
844;3937;Teruel,Yago;(549) 850-2390;67 Bald Hill St.
845;1312;Crespi,Lola;(506) 841-6393;4 Proctor Ave.
846;2312;Agudo,Matías;(340) 492-0275;9 Lake St.
847;1935;Redondo,Luisa;(383) 357-1843;501 Foster Ave.
848;4759;Trillo,Isa;(405) 559-9778;7652 Lakeshore Court
849;2738;Estevez,Asdrubal;(268) 398-7609;490 Beacon St.
850;1432;Blázquez,Ruth;(310) 577-6728;9050 West Catherine Dr.
851;1024;del,Hernando;(811) 765-3302;8438 Joy Ridge Drive
852;1027;Vilanova,Silvio;(403) 928-7118;9656 Beaver Ridge St.
853;4831;Andrade,Damián;(607) 905-6893;106 Market Ave.
854;2280;Velasco,Patricio;(384) 958-4888;8615 W. Pine Lane
855;4912;Mendizábal,Antonio;(324) 284-9902;9323 E. Old York St.
856;1703;Escudero,Aitana;(836) 752-4390;8819 Oak Ave.
857;4865;Castell,Magdalena;(574) 870-1271;9910 Essex St.
858;2563;del,Baltasar;(422) 535-5367;142 Windfall St.
859;3224;Samper,Martirio;(415) 828-3663;9809 Gates Street
860;2446;Haro,Arsenio;(415) 947-3697;510 West Homewood Ave.
861;3146;Nevado,Herminia;(655) 247-5450;9 Nut Swamp Road
862;1695;Luís-Bernat,Apolonia;(726) 230-1885;52 Glenridge Street
863;1476;Porcel,Lina;(301) 446-4931;8788 Birchpond Circle
864;1562;Luis,José;(205) 948-8280;559 Young St.
865;4062;Chaparro,Belen;(216) 341-9188;114 Carriage Lane
866;2029;Cerdán,Poncio;(922) 668-4401;328 E. Windfall Ave.
867;2179;Doménech,Andrés;(929) 916-9742;9123 Shub Farm Road
868;4958;Apolinar,Cecilio;(294) 465-2217;120 Whitemarsh St.
869;4941;Ropero,Otilia;(358) 731-3798;9690 Princess Ave.
870;3540;de,Severo;(352) 604-1886;8948 St Louis Ave.
871;1753;Julián,Chuy;(316) 723-5488;748 East Brown St.
872;3292;Campo-Bueno,Adelia;(900) 365-3438;679 Oak Meadow Ave.
873;3049;Paniagua-Antúnez,Anacleto;(232) 995-8639;490 W. Vernon Street
874;2717;Larrea,Régulo;(713) 359-4317;279 Magnolia Avenue
875;1705;Guardiola,Pacífica;(206) 847-8774;9589 Thorne Ave.
876;4731;Aramburu,Victorino;(411) 376-4315;899 Shipley Ave.
877;4728;Mata,Bibiana;(938) 721-2256;46 Victoria Court
878;1721;Grande,Florentina;(419) 442-9188;8664 Oak Valley Drive
879;3342;Coello,Cayetano;(763) 952-1502;922 West Leeton Ridge St.
880;4609;Gascón,Florinda;(723) 961-1436;7880 Leeton Ridge Avenue
881;1384;Ríos,Valeria;(233) 477-9648;92 Marvon St.
882;2655;Moya,Blanca;(347) 835-6563;905 Wrangler Lane
883;2684;Cáceres,Soraya;(732) 949-7420;9096 Clark Lane
884;4197;Rosselló,Rufina;(334) 788-2547;9783 Poplar Street
885;3348;Almazán,Abril;(355) 952-4381;744 Coffee Ave.
886;2361;Pinto,Sandalio;(875) 650-4506;10 Rockwell Road
887;4047;Rosselló,Urbano;(650) 311-4823;395 W. Coffee St.
888;3185;Ferreras,Aurelio;(944) 439-2624;499 Second Dr.
889;2131;Pujol,Aroa;(283) 827-0141;56 Nut Swamp Circle
890;4536;de,Calista;(975) 594-0844;943 Holly Ave.
891;2096;Contreras,Teófilo;(990) 738-6040;9752 Blackburn Dr.
892;4088;Cabañas,Milagros;(770) 545-8863;8821 Rockville Lane
893;1059;Sans,Gonzalo;(334) 305-7194;6 Newport Court
894;1299;Bou,Sofía;(602) 467-4837;309 South Hill Field St.
895;1176;Gabino,Leandro;(939) 500-3265;7363 St Louis Street
896;4091;Royo,Angelina;(987) 536-2384;8877 Selby Rd.
897;4136;Fonseca-Granados,Pío;(730) 738-3338;35 Airport Street
898;2992;Miguel,Luis;(330) 201-7051;858 Primrose Lane
899;2538;Lucas,Blanca;(932) 338-3282;824 Woodside Avenue
900;3438;Luis,José;(878) 237-0878;917 NW. Leatherwood Court
901;3855;Sierra,Leonel;(403) 429-9891;21 Creek Drive
902;3218;Palacio,Calixto;(705) 444-0556;39 Goldfield Rd.
903;1207;Pla,Eugenio;(879) 591-2306;972 Stillwater St.
904;3281;Arana,Daniela;(467) 399-9709;86 Logan Dr.
905;4942;Casares,Amancio;(744) 598-1150;88 Maple Circle
906;1448;Lamas,Leopoldo;(857) 769-7335;31 Studebaker St.
907;2216;del,Pascual;(894) 916-8764;34 E. Lafayette Court
908;2869;Llamas,Dionisia;(546) 437-8882;2 Ridgeview Dr.
909;1475;Falcó,Amada;(928) 743-6374;75 Jefferson Lane
910;2862;Enríquez,Óscar;(751) 725-0334;5 Circle Dr.
911;1500;Bastida,Cecilio;(453) 596-2200;612 Silver Spear Dr.
912;3922;Aznar,Leocadia;(623) 788-7862;8627 Bayberry Street
913;3702;Iniesta,Anabel;(920) 438-1880;4 Bank Dr.
914;4852;Narváez,Lilia;(752) 297-5212;8579 Greenview St.
915;2173;Egea,Adriana;(693) 681-7202;8483 Sugar Ave.
916;1304;del,Pepita;(455) 437-3253;8995 Rockledge Street
917;4512;Ángel,Luis;(212) 757-8062;9834 Pennington Ave.
918;4933;Sanmiguel,Angelina;(904) 210-8504;14 Charles Ave.
919;3500;Solé,Catalina;(203) 626-2113;178 Oakland Lane
920;1433;Benavides,Manuela;(671) 220-0042;7690 Glenridge Street
921;3173;Lastra,Teresa;(547) 966-8598;9105 E. Bayberry Avenue
922;2881;Jover,Marianela;(623) 913-9558;8489 Colonial St.
923;2537;Zaragoza,Ainara;(715) 291-1286;7266 Shady Drive
924;3413;Porfirio,Claudio;(354) 237-3268;493 Summer Avenue
925;2616;Felipe,Andrés;(269) 935-1685;254 Kingston Street
926;1867;Fiol,Encarnación;(646) 203-3225;37 Garfield Dr.
927;2756;de,Fátima;(806) 938-4587;92 Peg Shop Rd.
928;2330;Vigil,Maximino;(633) 955-6590;457 Orange Street
929;2291;Luisa,María;(987) 947-7889;62 Swanson Dr.
930;2591;Bello,Beatriz;(946) 604-6365;269 Hartford St.
931;3335;Rosalina,Eloísa;(696) 763-2316;15 East Richardson Drive
932;4959;Rios,Ibán;(461) 831-9487;859 Foxrun Ave.
933;4828;Mascaró-Borrell,Rufino;(695) 531-1875;6 Monroe Ave.
934;1719;Paredes,Félix;(936) 854-3061;7465 Rosewood Road
935;4475;Aznar,Lucho;(691) 840-0840;85 Brewery Lane
936;1911;del,Encarnacion;(810) 733-6823;8987 Tunnel Court
937;1592;Bautista,Juan;(392) 721-3723;618 North Park Drive
938;1523;Ugarte,Leonor;(244) 975-9008;749 Honey Creek St.
939;2887;de,Hermenegildo;(574) 310-1480;401 Arcadia St.
940;3836;Benavides,Lisandro;(562) 687-6697;61 Aspen Street
941;2159;Milla,Zacarías;(362) 958-3945;8842 Albany Dr.
942;1030;Ponce-Quintana,Leyre;(425) 692-2477;7761 Glenridge St.
943;2534;Moreno,Palmira;(844) 204-7819;7542 Logan Ave.
944;2135;Bermúdez,Amancio;(707) 398-6865;906 North Marshall Drive
945;1127;Téllez,Baltasar;(469) 519-2773;566 Old Windsor Street
946;2242;Fernanda,María;(592) 732-7144;363 Carson Lane
947;4812;Galván,Héctor;(602) 356-3808;8046 Clay Street
948;3660;Rincón-Roldan,Matías;(640) 568-0785;36 South Lake Forest Lane
949;4595;Folch,Benigno;(400) 512-4755;437 Jockey Hollow Dr.
950;2070;Bejarano,Ariel;(415) 935-8378;135 Airport Ave.
951;1387;Villa,Román;(664) 297-3908;8857 Gonzales Street
952;3622;Ibarra,Dimas;(843) 208-4225;9538 South Wall St.
953;4546;Pavón,Íñigo;(336) 204-3889;8478 Vernon Lane
954;3729;Olivé,Fernanda;(911) 488-1913;7133 E. West St.
955;2908;Chucho,Norberto;(535) 815-9607;26 Sycamore Street
956;3927;Salcedo,Clementina;(295) 730-6919;746 Marsh Ave.
957;3738;Paredes,Brunilda;(743) 483-8112;53 Cedarwood St.
958;2947;Gras,Ester;(831) 249-5449;86 N. Poor House Ave.
959;3600;del,Jonatan;(960) 905-6170;7017 Walt Whitman Street
960;3419;Polo,Susanita;(214) 703-7189;7952 Durham St.
961;3985;Galván,Emiliano;(944) 933-0069;7788 S. Princeton Court
962;1050;Téllez,Palmira;(429) 932-6260;7707 Beech Ave.
963;1043;José,Gracia;(922) 644-8881;9307 Riverside Dr.
964;1542;Alejo,Ariel;(405) 986-6020;954 S. Nichols Rd.
965;3342;Antonio,Juan;(890) 409-6135;584 Pumpkin Hill Dr.
966;4948;Jáuregui,Guiomar;(252) 913-1668;9799 E. Pumpkin Hill Lane
967;3739;Luz,Mayte;(622) 688-5821;60 Thatcher Court
968;3066;López,Florencio;(255) 804-7439;8606 Edgewood Lane
969;4435;Sedano,Pepito;(815) 908-2066;8408 Broad Ave.
970;4476;Gelabert,Aitana;(601) 823-1097;417 Nut Swamp Lane
971;2241;Pellicer,Luis;(297) 326-4044;638 Jennings Street
972;2863;Pereira,Herminio;(952) 610-9397;307 Fairview Avenue
973;2980;Quintero,Primitiva;(773) 942-8792;9182 Market St.
974;4625;Esparza,Evangelina;(516) 557-3412;55 Lake Forest Drive
975;3293;Aguiló,Celia;(921) 425-7436;1 Plymouth St.
976;3063;del,Olivia;(689) 655-6058;8279 Main Street
977;4828;Bautista,Juan;(671) 524-5360;918 Fordham St.
978;4863;Cañete,Carina;(910) 903-9965;508 Cypress St.
979;2049;Calatayud,Ambrosio;(904) 731-9687;24 Railroad Court
980;3579;de,Ildefonso;(455) 701-2540;634 Rockaway St.
981;1238;Baeza-Rodriguez,Edelmira;(864) 567-3221;957 South Arcadia Street
982;1151;Castro,Socorro;(241) 803-9393;750 Vernon Ave.
983;4514;Ávila,Calixto;(237) 839-2784;35 Miller St.
984;2070;de,Severiano;(362) 504-0521;7545 Yukon Street
985;3635;Valls,Olimpia;(205) 311-7938;75 Victoria St.
986;4329;del,Vito;(459) 473-8039;7654 Creek St.
987;2791;Arteaga,Teodosio;(956) 901-0189;829 Devonshire Street
988;3781;Luis,Juan;(289) 371-6935;48 North Arch St.
989;1940;del,Olivia;(534) 741-5424;818 North Ridge St.
990;4729;Peña,Nicanor;(562) 803-1918;7 Hill Field St.
991;3379;Torre,Elena;(703) 578-2309;13 4th Rd.
992;4215;Zabala,Adriana;(394) 282-3814;308 Elmwood Ave.
993;2364;Carnero,Yésica;(733) 346-2538;37 Sunbeam Lane
994;2292;Miguel,Luis;(350) 800-2197;679 Philmont St.
995;2320;Salom,Josué;(853) 698-8173;324 Augusta St.
996;1219;Tomé,Montserrat;(946) 694-2288;7606 Alderwood Rd.
997;3594;Izaguirre-Coll,Berta;(718) 641-6619;8672 S. Mechanic Dr.
998;3545;Arnaiz,Asunción;(352) 826-4955;20 Marvon Rd.
999;3554;Porras,Nilo;(473) 640-7258;116 Division Lane
